응답자ID,부서,직급,근속연수,만족도,추천도,자유의견_카테고리
EMP1132,운영본부,사원,0,4,5,문화_긍정
EMP1152,인사총무,부장,12,5,9,복지_만족
EMP1124,운영본부,사원,2,3,5,복지_만족
EMP1123,운영본부,대리,4,4,4,성장기회_부족
EMP1139,인사총무,사원,0,5,6,문화_긍정
EMP1006,개발본부,부장,17,4,6,업무량_과다
EMP1093,영업본부,부장,20,3,8,의견_없음
EMP1003,개발본부,사원,2,3,5,성장기회_부족
EMP1073,마케팅본부,대리,4,4,6,평가_불공정
EMP1048,디자인본부,대리,2,4,3,의견_없음
EMP1077,마케팅본부,사원,2,4,5,평가_불공정
EMP1092,영업본부,차장,13,2,4,소통_부족
EMP1145,인사총무,사원,2,4,5,문화_긍정
EMP1109,영업본부,사원,0,2,5,업무량_과다
EMP1039,디자인본부,사원,0,4,5,소통_부족
EMP1026,개발본부,대리,4,4,5,업무량_과다
EMP1148,인사총무,대리,5,5,7,복지_만족
EMP1069,마케팅본부,차장,9,5,7,문화_긍정
EMP1044,디자인본부,사원,1,2,3,평가_불공정
EMP1005,개발본부,과장,6,3,6,소통_부족
EMP1088,영업본부,부장,15,3,7,성장기회_부족
EMP1034,개발본부,대리,2,3,6,업무량_과다
EMP1041,디자인본부,차장,9,3,7,의견_없음
EMP1056,디자인본부,대리,2,3,5,문화_긍정
EMP1144,인사총무,대리,5,4,5,문화_긍정
EMP1011,개발본부,과장,7,4,6,복지_만족
EMP1140,인사총무,과장,9,4,8,복지_만족
EMP1014,개발본부,사원,0,4,5,업무량_과다
EMP1046,디자인본부,과장,9,3,4,의견_없음
EMP1028,개발본부,사원,2,3,5,업무량_과다
EMP1008,개발본부,사원,1,3,5,의견_없음
EMP1104,영업본부,과장,9,3,6,의견_없음
EMP1079,영업본부,차장,9,4,6,문화_긍정
EMP1013,개발본부,과장,9,3,6,의견_없음
EMP1089,영업본부,과장,5,3,4,업무량_과다
EMP1030,개발본부,과장,9,5,5,성장기회_부족
EMP1075,마케팅본부,사원,1,4,4,문화_긍정
EMP1108,영업본부,사원,1,2,2,복지_만족
EMP1036,개발본부,대리,5,4,6,의견_없음
EMP1058,마케팅본부,사원,1,5,6,소통_부족
EMP1129,운영본부,대리,4,4,4,문화_긍정
EMP1096,영업본부,대리,4,3,3,소통_부족
EMP1150,인사총무,대리,4,4,7,문화_긍정
EMP1082,영업본부,과장,9,4,5,복지_만족
EMP1131,운영본부,대리,5,4,4,복지_만족
EMP1116,운영본부,차장,9,4,5,의견_없음
EMP1043,디자인본부,사원,0,3,3,복지_만족
EMP1049,디자인본부,차장,12,3,5,의견_없음
EMP1076,마케팅본부,대리,4,4,5,문화_긍정
EMP1091,영업본부,사원,0,4,3,업무량_과다
EMP1110,운영본부,차장,10,3,5,소통_부족
EMP1068,마케팅본부,사원,2,5,6,복지_만족
EMP1119,운영본부,과장,9,4,6,복지_만족
EMP1084,영업본부,과장,8,3,4,소통_부족
EMP1095,영업본부,대리,5,3,5,소통_부족
EMP1134,운영본부,대리,3,3,6,성장기회_부족
EMP1118,운영본부,사원,1,3,4,복지_만족
EMP1022,개발본부,과장,5,4,5,문화_긍정
EMP1102,영업본부,과장,6,3,5,소통_부족
EMP1055,디자인본부,대리,3,3,4,업무량_과다
EMP1051,디자인본부,사원,1,3,4,복지_만족
EMP1122,운영본부,차장,12,3,7,소통_부족
EMP1065,마케팅본부,차장,13,4,6,소통_부족
EMP1009,개발본부,대리,4,4,4,복지_만족
EMP1018,개발본부,과장,6,4,6,복지_만족
EMP1130,운영본부,사원,2,3,5,복지_만족
EMP1050,디자인본부,사원,2,4,3,문화_긍정
EMP1019,개발본부,대리,3,3,4,업무량_과다
EMP1059,마케팅본부,대리,4,4,5,문화_긍정
EMP1032,개발본부,과장,9,4,7,복지_만족
EMP1061,마케팅본부,과장,7,3,6,업무량_과다
EMP1062,마케팅본부,사원,0,4,6,문화_긍정
EMP1054,디자인본부,대리,3,4,6,업무량_과다
EMP1101,영업본부,사원,2,3,4,평가_불공정
EMP1143,인사총무,사원,2,4,4,복지_만족
EMP1038,개발본부,대리,2,4,5,문화_긍정
EMP1107,영업본부,사원,1,3,4,복지_만족
EMP1020,개발본부,과장,8,4,5,복지_만족
EMP1094,영업본부,대리,5,4,4,소통_부족
EMP1115,운영본부,사원,1,4,4,소통_부족
EMP1125,운영본부,과장,5,3,4,의견_없음
EMP1029,개발본부,대리,3,3,6,평가_불공정
EMP1012,개발본부,과장,9,4,5,문화_긍정
EMP1149,인사총무,과장,8,5,8,성장기회_부족
EMP1087,영업본부,과장,6,2,4,업무량_과다
EMP1002,개발본부,과장,5,4,5,복지_만족
EMP1100,영업본부,차장,11,3,5,업무량_과다
EMP1040,디자인본부,사원,0,3,3,소통_부족
EMP1021,개발본부,대리,2,5,6,업무량_과다
EMP1031,개발본부,대리,3,3,5,문화_긍정
EMP1078,마케팅본부,과장,5,4,7,복지_만족
EMP1120,운영본부,부장,19,3,8,성장기회_부족
EMP1004,개발본부,과장,5,4,5,문화_긍정
EMP1016,개발본부,차장,14,4,7,복지_만족
EMP1063,마케팅본부,사원,1,5,6,성장기회_부족
EMP1142,인사총무,차장,10,4,7,문화_긍정
EMP1141,인사총무,부장,13,4,9,문화_긍정
EMP1037,개발본부,사원,2,4,4,업무량_과다
EMP1017,개발본부,대리,4,3,4,성장기회_부족
EMP1071,마케팅본부,사원,2,5,6,복지_만족
EMP1035,개발본부,차장,14,4,6,복지_만족
EMP1138,인사총무,사원,0,4,5,복지_만족
EMP1113,운영본부,과장,7,3,5,성장기회_부족
EMP1098,영업본부,과장,9,3,3,복지_만족
EMP1057,마케팅본부,과장,6,4,8,소통_부족
EMP1128,운영본부,대리,4,3,5,복지_만족
EMP1064,마케팅본부,대리,2,4,5,복지_만족
EMP1097,영업본부,사원,1,4,2,소통_부족
EMP1080,영업본부,과장,8,3,4,복지_만족
EMP1147,인사총무,차장,11,5,6,소통_부족
EMP1067,마케팅본부,차장,9,5,8,의견_없음
EMP1025,개발본부,사원,0,4,5,소통_부족
EMP1007,개발본부,대리,5,4,6,성장기회_부족
EMP1053,디자인본부,과장,5,3,6,의견_없음
EMP1060,마케팅본부,대리,5,4,7,업무량_과다
EMP1070,마케팅본부,대리,5,3,6,소통_부족
EMP1146,인사총무,과장,6,5,7,성장기회_부족
EMP1136,인사총무,대리,5,4,5,업무량_과다
EMP1001,개발본부,과장,5,3,5,소통_부족
EMP1135,인사총무,과장,7,5,6,업무량_과다
EMP1066,마케팅본부,차장,10,4,8,소통_부족
EMP1111,운영본부,대리,4,3,6,성장기회_부족
EMP1052,디자인본부,사원,2,4,3,복지_만족
EMP1099,영업본부,대리,2,2,5,소통_부족
EMP1015,개발본부,과장,9,4,5,의견_없음
EMP1137,인사총무,사원,2,4,5,문화_긍정
EMP1033,개발본부,대리,3,3,4,업무량_과다
EMP1081,영업본부,과장,8,3,4,문화_긍정
EMP1023,개발본부,사원,2,3,3,문화_긍정
EMP1117,운영본부,사원,1,3,4,성장기회_부족
EMP1010,개발본부,부장,19,4,9,복지_만족
EMP1103,영업본부,사원,1,3,3,문화_긍정
EMP1074,마케팅본부,차장,11,3,9,소통_부족
EMP1127,운영본부,과장,6,3,6,업무량_과다
EMP1106,영업본부,대리,4,3,3,소통_부족
EMP1085,영업본부,과장,7,4,5,문화_긍정
EMP1042,디자인본부,사원,0,4,5,의견_없음
EMP1027,개발본부,대리,4,3,5,의견_없음
EMP1083,영업본부,차장,13,3,5,평가_불공정
EMP1086,영업본부,대리,3,3,3,평가_불공정
EMP1105,영업본부,사원,2,3,3,업무량_과다
EMP1090,영업본부,차장,10,3,7,평가_불공정
EMP1151,인사총무,사원,2,4,6,의견_없음
EMP1024,개발본부,사원,2,4,4,의견_없음
EMP1126,운영본부,사원,1,3,4,소통_부족
EMP1112,운영본부,과장,5,3,6,문화_긍정
EMP1047,디자인본부,과장,8,2,5,업무량_과다
EMP1072,마케팅본부,사원,1,4,6,의견_없음
EMP1114,운영본부,대리,3,4,4,의견_없음
EMP1133,운영본부,차장,14,3,6,복지_만족
EMP1121,운영본부,대리,3,4,5,복지_만족
EMP1045,디자인본부,사원,2,4,4,문화_긍정
